[{"id":"2000","fecha":"2017-03-07","hora":"20:04:02","temp":"18.2","hum":"50.7","co2ppm":"4550.79","higromet":"429","luz":"0","maqhum":"0","maqdesh":"0","maqcale":"1","modman":"0","periodo":"0","horasluz":null,"fechaini":null},{"id":"1999","fecha":"2017-03-07","hora":"20:03:58","temp":"18.2","hum":"50.6","co2ppm":"4550.79","higromet":"429","luz":"0","maqhum":"0","maqdesh":"0","maqcale":"1","modman":"0","periodo":"0","horasluz":null,"fechaini":null},{"id":"1998","fecha":"2017-03-07","hora":"20:03:53","temp":"18.3","hum":"50.7","co2ppm":"4550.79","higromet":"429","luz":"0","maqhum":"0","maqdesh":"0","maqcale":"1","modman":"0","periodo":"0","horasluz":null,"fechaini":null},{"id":"1997","fecha":"2017-03-07","hora":"20:03:48","temp":"18.2","hum":"50.6","co2ppm":"4550.79","higromet":"428","luz":"0","maqhum":"0","maqdesh":"0","maqcale":"1","modman":"0","periodo":"0","horasluz":null,"fechaini":null},{"id":"1996","fecha":"2017-03-07","hora":"20:03:43","temp":"18.2","hum":"50.7","co2ppm":"4550.79","higromet":"428","luz":"0","maqhum":"0","maqdesh":"0","maqcale":"1","modman":"0","periodo":"0","horasluz":null,"fechaini":null},{"id":"1995","fecha":"2017-03-07","hora":"20:03:38","temp":"18.2","hum":"50.7","co2ppm":"4550.79","higromet":"429","luz":"0","maqhum":"0","maqdesh":"0","maqcale":"1","modman":"0","periodo":"0","horasluz":null,"fechaini":null},{"id":"1994","fecha":"2017-03-07","hora":"20:03:33","temp":"18.2","hum":"50.7","co2ppm":"4550.79","higromet":"429","luz":"0","maqhum":"0","maqdesh":"0","maqcale":"1","modman":"0","periodo":"0","horasluz":null,"fechaini":null},{"id":"1993","fecha":"2017-03-07","hora":"20:03:29","temp":"18.2","hum":"50.7","co2ppm":"4550.79","higromet":"429","luz":"0","maqhum":"0","maqdesh":"0","maqcale":"1","modman":"0","periodo":"0","horasluz":null,"fechaini":null},{"id":"1992","fecha":"2017-03-07","hora":"20:03:24","temp":"18.2","hum":"50.7","co2ppm":"4458.14","higromet":"429","luz":"0","maqhum":"0","maqdesh":"0","maqcale":"1","modman":"0","periodo":"0","horasluz":null,"fechaini":null},{"id":"1991","fecha":"2017-03-07","hora":"20:03:19","temp":"18.2","hum":"50.7","co2ppm":"4550.79","higromet":"429","luz":"0","maqhum":"0","maqdesh":"0","maqcale":"1","modman":"0","periodo":"0","horasluz":null,"fechaini":null},{"id":"1990","fecha":"2017-03-07","hora":"20:03:14","temp":"18.2","hum":"50.7","co2ppm":"4550.79","higromet":"429","luz":"0","maqhum":"0","maqdesh":"0","maqcale":"1","modman":"0","periodo":"0","horasluz":null,"fechaini":null},{"id":"1989","fecha":"2017-03-07","hora":"20:03:09","temp":"18.2","hum":"50.7","co2ppm":"4550.79","higromet":"429","luz":"0","maqhum":"0","maqdesh":"0","maqcale":"1","modman":"0","periodo":"0","horasluz":null,"fechaini":null},{"id":"1988","fecha":"2017-03-07","hora":"20:03:04","temp":"18.2","hum":"50.7","co2ppm":"4550.79","higromet":"428","luz":"0","maqhum":"0","maqdesh":"0","maqcale":"1","modman":"0","periodo":"0","horasluz":null,"fechaini":null},{"id":"1987","fecha":"2017-03-07","hora":"20:03:00","temp":"18.2","hum":"50.8","co2ppm":"4550.79","higromet":"429","luz":"0","maqhum":"0","maqdesh":"0","maqcale":"1","modman":"0","periodo":"0","horasluz":null,"fechaini":null},{"id":"1986","fecha":"2017-03-07","hora":"20:02:55","temp":"18.2","hum":"50.9","co2ppm":"4550.79","higromet":"429","luz":"0","maqhum":"0","maqdesh":"0","maqcale":"1","modman":"0","periodo":"0","horasluz":null,"fechaini":null},{"id":"1985","fecha":"2017-03-07","hora":"20:02:50","temp":"18.2","hum":"50.9","co2ppm":"4550.79","higromet":"429","luz":"0","maqhum":"0","maqdesh":"0","maqcale":"1","modman":"0","periodo":"0","horasluz":null,"fechaini":null},{"id":"1984","fecha":"2017-03-07","hora":"20:02:45","temp":"18.2","hum":"50.8","co2ppm":"4550.79","higromet":"429","luz":"0","maqhum":"0","maqdesh":"0","maqcale":"1","modman":"0","periodo":"0","horasluz":null,"fechaini":null},{"id":"1983","fecha":"2017-03-07","hora":"20:02:40","temp":"18.2","hum":"50.8","co2ppm":"4550.79","higromet":"429","luz":"0","maqhum":"0","maqdesh":"0","maqcale":"1","modman":"0","periodo":"0","horasluz":null,"fechaini":null},{"id":"1982","fecha":"2017-03-07","hora":"20:02:35","temp":"18.2","hum":"50.7","co2ppm":"4550.79","higromet":"429","luz":"0","maqhum":"0","maqdesh":"0","maqcale":"1","modman":"0","periodo":"0","horasluz":null,"fechaini":null},{"id":"1981","fecha":"2017-03-07","hora":"20:02:31","temp":"18.2","hum":"50.7","co2ppm":"4550.79","higromet":"429","luz":"0","maqhum":"0","maqdesh":"0","maqcale":"1","modman":"0","periodo":"0","horasluz":null,"fechaini":null},{"id":"1980","fecha":"2017-03-07","hora":"20:02:26","temp":"18.2","hum":"50.8","co2ppm":"4550.79","higromet":"429","luz":"0","maqhum":"0","maqdesh":"0","maqcale":"1","modman":"0","periodo":"0","horasluz":null,"fechaini":null},{"id":"1979","fecha":"2017-03-07","hora":"20:02:21","temp":"18.2","hum":"50.8","co2ppm":"4458.14","higromet":"429","luz":"0","maqhum":"0","maqdesh":"0","maqcale":"1","modman":"0","periodo":"0","horasluz":null,"fechaini":null},{"id":"1978","fecha":"2017-03-07","hora":"20:02:16","temp":"18.2","hum":"50.9","co2ppm":"4550.79","higromet":"429","luz":"0","maqhum":"0","maqdesh":"0","maqcale":"1","modman":"0","periodo":"0","horasluz":null,"fechaini":null},{"id":"1977","fecha":"2017-03-07","hora":"20:02:11","temp":"18.2","hum":"50.8","co2ppm":"4458.14","higromet":"429","luz":"0","maqhum":"0","maqdesh":"0","maqcale":"1","modman":"0","periodo":"0","horasluz":null,"fechaini":null},{"id":"1976","fecha":"2017-03-07","hora":"20:02:07","temp":"18.2","hum":"50.8","co2ppm":"4550.79","higromet":"429","luz":"0","maqhum":"0","maqdesh":"0","maqcale":"1","modman":"0","periodo":"0","horasluz":null,"fechaini":null},{"id":"1975","fecha":"2017-03-07","hora":"20:02:02","temp":"18.2","hum":"50.8","co2ppm":"4458.14","higromet":"429","luz":"0","maqhum":"0","maqdesh":"0","maqcale":"1","modman":"0","periodo":"0","horasluz":null,"fechaini":null},{"id":"1974","fecha":"2017-03-07","hora":"20:01:57","temp":"18.2","hum":"50.9","co2ppm":"4550.79","higromet":"429","luz":"0","maqhum":"0","maqdesh":"0","maqcale":"1","modman":"0","periodo":"0","horasluz":null,"fechaini":null},{"id":"1973","fecha":"2017-03-07","hora":"20:01:52","temp":"18.2","hum":"50.9","co2ppm":"4550.79","higromet":"429","luz":"0","maqhum":"0","maqdesh":"0","maqcale":"1","modman":"0","periodo":"0","horasluz":null,"fechaini":null},{"id":"1972","fecha":"2017-03-07","hora":"20:01:47","temp":"18.2","hum":"50.9","co2ppm":"4458.14","higromet":"429","luz":"0","maqhum":"0","maqdesh":"0","maqcale":"1","modman":"0","periodo":"0","horasluz":null,"fechaini":null},{"id":"1971","fecha":"2017-03-07","hora":"20:01:42","temp":"18.2","hum":"50.9","co2ppm":"4458.14","higromet":"429","luz":"0","maqhum":"0","maqdesh":"0","maqcale":"1","modman":"0","periodo":"0","horasluz":null,"fechaini":null},{"id":"1970","fecha":"2017-03-07","hora":"20:01:38","temp":"18.2","hum":"51","co2ppm":"4550.79","higromet":"429","luz":"0","maqhum":"0","maqdesh":"0","maqcale":"1","modman":"0","periodo":"0","horasluz":null,"fechaini":null},{"id":"1969","fecha":"2017-03-07","hora":"20:01:33","temp":"18.2","hum":"50.9","co2ppm":"4458.14","higromet":"429","luz":"0","maqhum":"0","maqdesh":"0","maqcale":"1","modman":"0","periodo":"0","horasluz":null,"fechaini":null},{"id":"1968","fecha":"2017-03-07","hora":"20:01:28","temp":"18.2","hum":"50.9","co2ppm":"4458.14","higromet":"429","luz":"0","maqhum":"0","maqdesh":"0","maqcale":"1","modman":"0","periodo":"0","horasluz":null,"fechaini":null},{"id":"1967","fecha":"2017-03-07","hora":"20:01:23","temp":"18.2","hum":"51.1","co2ppm":"4458.14","higromet":"429","luz":"0","maqhum":"0","maqdesh":"0","maqcale":"1","modman":"0","periodo":"0","horasluz":null,"fechaini":null},{"id":"1966","fecha":"2017-03-07","hora":"20:01:18","temp":"18.2","hum":"51","co2ppm":"4458.14","higromet":"429","luz":"0","maqhum":"0","maqdesh":"0","maqcale":"1","modman":"0","periodo":"0","horasluz":null,"fechaini":null},{"id":"1965","fecha":"2017-03-07","hora":"20:01:13","temp":"18.2","hum":"51","co2ppm":"4458.14","higromet":"429","luz":"0","maqhum":"0","maqdesh":"0","maqcale":"1","modman":"0","periodo":"0","horasluz":null,"fechaini":null},{"id":"1964","fecha":"2017-03-07","hora":"20:01:09","temp":"18.2","hum":"51.1","co2ppm":"4458.14","higromet":"428","luz":"0","maqhum":"0","maqdesh":"0","maqcale":"1","modman":"0","periodo":"0","horasluz":null,"fechaini":null},{"id":"1963","fecha":"2017-03-07","hora":"20:01:04","temp":"18.2","hum":"51.2","co2ppm":"4458.14","higromet":"428","luz":"0","maqhum":"0","maqdesh":"0","maqcale":"1","modman":"0","periodo":"0","horasluz":null,"fechaini":null},{"id":"1962","fecha":"2017-03-07","hora":"20:00:59","temp":"18.2","hum":"51.2","co2ppm":"4458.14","higromet":"429","luz":"0","maqhum":"0","maqdesh":"0","maqcale":"1","modman":"0","periodo":"0","horasluz":null,"fechaini":null},{"id":"1961","fecha":"2017-03-07","hora":"20:00:54","temp":"18.2","hum":"51.1","co2ppm":"4458.14","higromet":"429","luz":"0","maqhum":"0","maqdesh":"0","maqcale":"1","modman":"0","periodo":"0","horasluz":null,"fechaini":null},{"id":"1960","fecha":"2017-03-07","hora":"20:00:49","temp":"18.2","hum":"51.1","co2ppm":"4458.14","higromet":"428","luz":"0","maqhum":"0","maqdesh":"0","maqcale":"1","modman":"0","periodo":"0","horasluz":null,"fechaini":null},{"id":"1959","fecha":"2017-03-07","hora":"20:00:44","temp":"18.2","hum":"51","co2ppm":"4458.14","higromet":"429","luz":"0","maqhum":"0","maqdesh":"0","maqcale":"1","modman":"0","periodo":"0","horasluz":null,"fechaini":null},{"id":"1958","fecha":"2017-03-07","hora":"20:00:40","temp":"18.2","hum":"51","co2ppm":"4458.14","higromet":"429","luz":"0","maqhum":"0","maqdesh":"0","maqcale":"1","modman":"0","periodo":"0","horasluz":null,"fechaini":null},{"id":"1957","fecha":"2017-03-07","hora":"20:00:35","temp":"18.2","hum":"50.8","co2ppm":"4366.93","higromet":"429","luz":"0","maqhum":"0","maqdesh":"0","maqcale":"1","modman":"0","periodo":"0","horasluz":null,"fechaini":null},{"id":"1956","fecha":"2017-03-07","hora":"20:00:30","temp":"18.2","hum":"50.8","co2ppm":"4458.14","higromet":"429","luz":"0","maqhum":"0","maqdesh":"0","maqcale":"1","modman":"0","periodo":"0","horasluz":null,"fechaini":null},{"id":"1955","fecha":"2017-03-07","hora":"20:00:25","temp":"18.2","hum":"50.7","co2ppm":"4458.14","higromet":"430","luz":"0","maqhum":"0","maqdesh":"0","maqcale":"1","modman":"0","periodo":"0","horasluz":null,"fechaini":null},{"id":"1954","fecha":"2017-03-07","hora":"20:00:20","temp":"18.2","hum":"50.8","co2ppm":"4458.14","higromet":"429","luz":"0","maqhum":"0","maqdesh":"0","maqcale":"1","modman":"0","periodo":"0","horasluz":null,"fechaini":null},{"id":"1953","fecha":"2017-03-07","hora":"20:00:15","temp":"18.2","hum":"50.7","co2ppm":"4458.14","higromet":"430","luz":"0","maqhum":"0","maqdesh":"0","maqcale":"1","modman":"0","periodo":"0","horasluz":null,"fechaini":null},{"id":"1952","fecha":"2017-03-07","hora":"20:00:11","temp":"18.2","hum":"50.7","co2ppm":"4458.14","higromet":"429","luz":"0","maqhum":"0","maqdesh":"0","maqcale":"1","modman":"0","periodo":"0","horasluz":null,"fechaini":null},{"id":"1951","fecha":"2017-03-07","hora":"20:00:06","temp":"18.2","hum":"50.6","co2ppm":"4458.14","higromet":"430","luz":"0","maqhum":"0","maqdesh":"0","maqcale":"1","modman":"0","periodo":"0","horasluz":null,"fechaini":null},{"id":"1950","fecha":"2017-03-07","hora":"20:00:01","temp":"18.2","hum":"50.5","co2ppm":"4458.14","higromet":"429","luz":"0","maqhum":"0","maqdesh":"0","maqcale":"1","modman":"0","periodo":"0","horasluz":null,"fechaini":null},{"id":"1949","fecha":"2017-03-07","hora":"19:59:56","temp":"18.2","hum":"50.5","co2ppm":"4458.14","higromet":"429","luz":"0","maqhum":"0","maqdesh":"0","maqcale":"1","modman":"0","periodo":"0","horasluz":null,"fechaini":null},{"id":"1948","fecha":"2017-03-07","hora":"19:59:51","temp":"18.2","hum":"50.5","co2ppm":"4458.14","higromet":"429","luz":"0","maqhum":"0","maqdesh":"0","maqcale":"1","modman":"0","periodo":"0","horasluz":null,"fechaini":null},{"id":"1947","fecha":"2017-03-07","hora":"19:59:47","temp":"18.2","hum":"50.5","co2ppm":"4550.79","higromet":"429","luz":"0","maqhum":"0","maqdesh":"0","maqcale":"1","modman":"0","periodo":"0","horasluz":null,"fechaini":null},{"id":"1946","fecha":"2017-03-07","hora":"19:59:42","temp":"18.2","hum":"50.5","co2ppm":"4458.14","higromet":"430","luz":"0","maqhum":"0","maqdesh":"0","maqcale":"1","modman":"0","periodo":"0","horasluz":null,"fechaini":null},{"id":"1945","fecha":"2017-03-07","hora":"19:59:37","temp":"18.2","hum":"50.5","co2ppm":"4458.14","higromet":"429","luz":"0","maqhum":"0","maqdesh":"0","maqcale":"1","modman":"0","periodo":"0","horasluz":null,"fechaini":null},{"id":"1944","fecha":"2017-03-07","hora":"19:59:32","temp":"18.3","hum":"50.6","co2ppm":"4458.14","higromet":"430","luz":"0","maqhum":"0","maqdesh":"0","maqcale":"1","modman":"0","periodo":"0","horasluz":null,"fechaini":null},{"id":"1943","fecha":"2017-03-07","hora":"19:59:27","temp":"18.2","hum":"50.5","co2ppm":"4458.14","higromet":"429","luz":"0","maqhum":"0","maqdesh":"0","maqcale":"1","modman":"0","periodo":"0","horasluz":null,"fechaini":null},{"id":"1942","fecha":"2017-03-07","hora":"19:59:22","temp":"18.2","hum":"50.6","co2ppm":"4458.14","higromet":"429","luz":"0","maqhum":"0","maqdesh":"0","maqcale":"1","modman":"0","periodo":"0","horasluz":null,"fechaini":null},{"id":"1941","fecha":"2017-03-07","hora":"19:59:18","temp":"18.2","hum":"50.6","co2ppm":"4458.14","higromet":"430","luz":"0","maqhum":"0","maqdesh":"0","maqcale":"1","modman":"0","periodo":"0","horasluz":null,"fechaini":null},{"id":"1940","fecha":"2017-03-07","hora":"19:59:13","temp":"18.2","hum":"50.6","co2ppm":"4458.14","higromet":"429","luz":"0","maqhum":"0","maqdesh":"0","maqcale":"1","modman":"0","periodo":"0","horasluz":null,"fechaini":null},{"id":"1939","fecha":"2017-03-07","hora":"19:59:08","temp":"18.2","hum":"50.5","co2ppm":"4458.14","higromet":"429","luz":"0","maqhum":"0","maqdesh":"0","maqcale":"1","modman":"0","periodo":"0","horasluz":null,"fechaini":null},{"id":"1938","fecha":"2017-03-07","hora":"19:59:03","temp":"18.2","hum":"50.5","co2ppm":"4458.14","higromet":"430","luz":"0","maqhum":"0","maqdesh":"0","maqcale":"1","modman":"0","periodo":"0","horasluz":null,"fechaini":null},{"id":"1937","fecha":"2017-03-07","hora":"19:58:58","temp":"18.2","hum":"50.6","co2ppm":"4458.14","higromet":"429","luz":"0","maqhum":"0","maqdesh":"0","maqcale":"1","modman":"0","periodo":"0","horasluz":null,"fechaini":null},{"id":"1936","fecha":"2017-03-07","hora":"19:58:53","temp":"18.2","hum":"50.6","co2ppm":"4458.14","higromet":"430","luz":"0","maqhum":"0","maqdesh":"0","maqcale":"1","modman":"0","periodo":"0","horasluz":null,"fechaini":null},{"id":"1935","fecha":"2017-03-07","hora":"19:58:49","temp":"18.2","hum":"50.7","co2ppm":"4458.14","higromet":"429","luz":"0","maqhum":"0","maqdesh":"0","maqcale":"1","modman":"0","periodo":"0","horasluz":null,"fechaini":null},{"id":"1934","fecha":"2017-03-07","hora":"19:58:44","temp":"18.2","hum":"50.8","co2ppm":"4458.14","higromet":"429","luz":"0","maqhum":"0","maqdesh":"0","maqcale":"1","modman":"0","periodo":"0","horasluz":null,"fechaini":null},{"id":"1933","fecha":"2017-03-07","hora":"19:58:39","temp":"18.2","hum":"50.7","co2ppm":"4458.14","higromet":"429","luz":"0","maqhum":"0","maqdesh":"0","maqcale":"1","modman":"0","periodo":"0","horasluz":null,"fechaini":null},{"id":"1932","fecha":"2017-03-07","hora":"19:58:34","temp":"18.2","hum":"50.6","co2ppm":"4458.14","higromet":"429","luz":"0","maqhum":"0","maqdesh":"0","maqcale":"1","modman":"0","periodo":"0","horasluz":null,"fechaini":null},{"id":"1931","fecha":"2017-03-07","hora":"19:58:29","temp":"18.2","hum":"50.7","co2ppm":"4458.14","higromet":"429","luz":"0","maqhum":"0","maqdesh":"0","maqcale":"1","modman":"0","periodo":"0","horasluz":null,"fechaini":null},{"id":"1930","fecha":"2017-03-07","hora":"19:58:24","temp":"18.2","hum":"50.7","co2ppm":"4458.14","higromet":"429","luz":"0","maqhum":"0","maqdesh":"0","maqcale":"1","modman":"0","periodo":"0","horasluz":null,"fechaini":null},{"id":"1929","fecha":"2017-03-07","hora":"19:58:20","temp":"18.2","hum":"50.7","co2ppm":"4458.14","higromet":"430","luz":"0","maqhum":"0","maqdesh":"0","maqcale":"1","modman":"0","periodo":"0","horasluz":null,"fechaini":null},{"id":"1928","fecha":"2017-03-07","hora":"19:58:15","temp":"18.2","hum":"50.6","co2ppm":"4458.14","higromet":"430","luz":"0","maqhum":"0","maqdesh":"0","maqcale":"1","modman":"0","periodo":"0","horasluz":null,"fechaini":null},{"id":"1927","fecha":"2017-03-07","hora":"19:58:10","temp":"18.2","hum":"50.6","co2ppm":"4458.14","higromet":"429","luz":"0","maqhum":"0","maqdesh":"0","maqcale":"1","modman":"0","periodo":"0","horasluz":null,"fechaini":null},{"id":"1926","fecha":"2017-03-07","hora":"19:58:05","temp":"18.2","hum":"50.6","co2ppm":"4458.14","higromet":"429","luz":"0","maqhum":"0","maqdesh":"0","maqcale":"1","modman":"0","periodo":"0","horasluz":null,"fechaini":null},{"id":"1925","fecha":"2017-03-07","hora":"19:58:00","temp":"18.2","hum":"50.6","co2ppm":"4550.79","higromet":"430","luz":"0","maqhum":"0","maqdesh":"0","maqcale":"1","modman":"0","periodo":"0","horasluz":null,"fechaini":null},{"id":"1924","fecha":"2017-03-07","hora":"19:57:56","temp":"18.2","hum":"50.6","co2ppm":"4458.14","higromet":"430","luz":"0","maqhum":"0","maqdesh":"0","maqcale":"1","modman":"0","periodo":"0","horasluz":null,"fechaini":null},{"id":"1923","fecha":"2017-03-07","hora":"19:57:51","temp":"18.2","hum":"50.6","co2ppm":"4458.14","higromet":"430","luz":"0","maqhum":"0","maqdesh":"0","maqcale":"1","modman":"0","periodo":"0","horasluz":null,"fechaini":null},{"id":"1922","fecha":"2017-03-07","hora":"19:57:46","temp":"18.2","hum":"50.6","co2ppm":"4458.14","higromet":"429","luz":"0","maqhum":"0","maqdesh":"0","maqcale":"1","modman":"0","periodo":"0","horasluz":null,"fechaini":null},{"id":"1921","fecha":"2017-03-07","hora":"19:57:41","temp":"18.2","hum":"50.6","co2ppm":"4550.79","higromet":"430","luz":"0","maqhum":"0","maqdesh":"0","maqcale":"1","modman":"0","periodo":"0","horasluz":null,"fechaini":null},{"id":"1920","fecha":"2017-03-07","hora":"19:57:36","temp":"18.2","hum":"50.6","co2ppm":"4458.14","higromet":"430","luz":"0","maqhum":"0","maqdesh":"0","maqcale":"1","modman":"0","periodo":"0","horasluz":null,"fechaini":null},{"id":"1919","fecha":"2017-03-07","hora":"19:57:31","temp":"18.2","hum":"50.6","co2ppm":"4458.14","higromet":"430","luz":"0","maqhum":"0","maqdesh":"0","maqcale":"1","modman":"0","periodo":"0","horasluz":null,"fechaini":null},{"id":"1918","fecha":"2017-03-07","hora":"19:57:27","temp":"18.2","hum":"50.6","co2ppm":"4550.79","higromet":"430","luz":"0","maqhum":"0","maqdesh":"0","maqcale":"1","modman":"0","periodo":"0","horasluz":null,"fechaini":null},{"id":"1917","fecha":"2017-03-07","hora":"19:57:22","temp":"18.2","hum":"50.7","co2ppm":"4550.79","higromet":"430","luz":"0","maqhum":"0","maqdesh":"0","maqcale":"1","modman":"0","periodo":"0","horasluz":null,"fechaini":null},{"id":"1916","fecha":"2017-03-07","hora":"19:57:17","temp":"18.2","hum":"50.7","co2ppm":"4458.14","higromet":"430","luz":"0","maqhum":"0","maqdesh":"0","maqcale":"1","modman":"0","periodo":"0","horasluz":null,"fechaini":null},{"id":"1915","fecha":"2017-03-07","hora":"19:57:12","temp":"18.2","hum":"50.7","co2ppm":"4550.79","higromet":"429","luz":"0","maqhum":"0","maqdesh":"0","maqcale":"1","modman":"0","periodo":"0","horasluz":null,"fechaini":null},{"id":"1914","fecha":"2017-03-07","hora":"19:57:07","temp":"18.2","hum":"50.7","co2ppm":"4550.79","higromet":"430","luz":"0","maqhum":"0","maqdesh":"0","maqcale":"1","modman":"0","periodo":"0","horasluz":null,"fechaini":null},{"id":"1913","fecha":"2017-03-07","hora":"19:57:02","temp":"18.2","hum":"50.7","co2ppm":"4550.79","higromet":"430","luz":"0","maqhum":"0","maqdesh":"0","maqcale":"1","modman":"0","periodo":"0","horasluz":null,"fechaini":null},{"id":"1912","fecha":"2017-03-07","hora":"19:56:58","temp":"18.2","hum":"50.7","co2ppm":"4458.14","higromet":"430","luz":"0","maqhum":"0","maqdesh":"0","maqcale":"1","modman":"0","periodo":"0","horasluz":null,"fechaini":null},{"id":"1911","fecha":"2017-03-07","hora":"19:56:53","temp":"18.2","hum":"50.7","co2ppm":"4550.79","higromet":"430","luz":"0","maqhum":"0","maqdesh":"0","maqcale":"1","modman":"0","periodo":"0","horasluz":null,"fechaini":null},{"id":"1910","fecha":"2017-03-07","hora":"19:56:48","temp":"18.2","hum":"50.7","co2ppm":"4458.14","higromet":"430","luz":"0","maqhum":"0","maqdesh":"0","maqcale":"1","modman":"0","periodo":"0","horasluz":null,"fechaini":null},{"id":"1909","fecha":"2017-03-07","hora":"19:56:43","temp":"18.2","hum":"50.7","co2ppm":"4550.79","higromet":"430","luz":"0","maqhum":"0","maqdesh":"0","maqcale":"1","modman":"0","periodo":"0","horasluz":null,"fechaini":null},{"id":"1908","fecha":"2017-03-07","hora":"19:56:38","temp":"18.2","hum":"50.7","co2ppm":"4550.79","higromet":"430","luz":"0","maqhum":"0","maqdesh":"0","maqcale":"1","modman":"0","periodo":"0","horasluz":null,"fechaini":null},{"id":"1907","fecha":"2017-03-07","hora":"19:56:33","temp":"18.2","hum":"50.7","co2ppm":"4458.14","higromet":"430","luz":"0","maqhum":"0","maqdesh":"0","maqcale":"1","modman":"0","periodo":"0","horasluz":null,"fechaini":null},{"id":"1906","fecha":"2017-03-07","hora":"19:56:29","temp":"18.2","hum":"50.7","co2ppm":"4550.79","higromet":"430","luz":"0","maqhum":"0","maqdesh":"0","maqcale":"1","modman":"0","periodo":"0","horasluz":null,"fechaini":null},{"id":"1905","fecha":"2017-03-07","hora":"19:56:24","temp":"18.2","hum":"50.9","co2ppm":"4458.14","higromet":"430","luz":"0","maqhum":"0","maqdesh":"0","maqcale":"1","modman":"0","periodo":"0","horasluz":null,"fechaini":null},{"id":"1904","fecha":"2017-03-07","hora":"19:56:19","temp":"18.2","hum":"50.8","co2ppm":"4458.14","higromet":"430","luz":"0","maqhum":"0","maqdesh":"0","maqcale":"1","modman":"0","periodo":"0","horasluz":null,"fechaini":null},{"id":"1903","fecha":"2017-03-07","hora":"19:56:14","temp":"18.2","hum":"50.8","co2ppm":"4458.14","higromet":"429","luz":"0","maqhum":"0","maqdesh":"0","maqcale":"1","modman":"0","periodo":"0","horasluz":null,"fechaini":null},{"id":"1902","fecha":"2017-03-07","hora":"19:56:09","temp":"18.2","hum":"50.8","co2ppm":"4458.14","higromet":"430","luz":"0","maqhum":"0","maqdesh":"0","maqcale":"1","modman":"0","periodo":"0","horasluz":null,"fechaini":null},{"id":"1901","fecha":"2017-03-07","hora":"19:56:04","temp":"18.2","hum":"50.8","co2ppm":"4550.79","higromet":"430","luz":"0","maqhum":"0","maqdesh":"0","maqcale":"1","modman":"0","periodo":"0","horasluz":null,"fechaini":null},{"id":"1900","fecha":"2017-03-07","hora":"19:56:00","temp":"18.2","hum":"50.8","co2ppm":"4458.14","higromet":"430","luz":"0","maqhum":"0","maqdesh":"0","maqcale":"1","modman":"0","periodo":"0","horasluz":null,"fechaini":null},{"id":"1899","fecha":"2017-03-07","hora":"19:55:55","temp":"18.2","hum":"50.8","co2ppm":"4550.79","higromet":"430","luz":"0","maqhum":"0","maqdesh":"0","maqcale":"1","modman":"0","periodo":"0","horasluz":null,"fechaini":null},{"id":"1898","fecha":"2017-03-07","hora":"19:55:50","temp":"18.2","hum":"50.9","co2ppm":"4550.79","higromet":"429","luz":"0","maqhum":"0","maqdesh":"0","maqcale":"1","modman":"0","periodo":"0","horasluz":null,"fechaini":null},{"id":"1897","fecha":"2017-03-07","hora":"19:55:45","temp":"18.2","hum":"50.8","co2ppm":"4550.79","higromet":"430","luz":"0","maqhum":"0","maqdesh":"0","maqcale":"1","modman":"0","periodo":"0","horasluz":null,"fechaini":null},{"id":"1896","fecha":"2017-03-07","hora":"19:55:40","temp":"18.2","hum":"50.7","co2ppm":"4550.79","higromet":"430","luz":"0","maqhum":"0","maqdesh":"0","maqcale":"1","modman":"0","periodo":"0","horasluz":null,"fechaini":null},{"id":"1895","fecha":"2017-03-07","hora":"19:55:36","temp":"18.2","hum":"50.6","co2ppm":"4550.79","higromet":"430","luz":"0","maqhum":"0","maqdesh":"0","maqcale":"1","modman":"0","periodo":"0","horasluz":null,"fechaini":null},{"id":"1894","fecha":"2017-03-07","hora":"19:55:31","temp":"18.2","hum":"50.6","co2ppm":"4550.79","higromet":"430","luz":"0","maqhum":"0","maqdesh":"0","maqcale":"1","modman":"0","periodo":"0","horasluz":null,"fechaini":null},{"id":"1893","fecha":"2017-03-07","hora":"19:55:26","temp":"18.2","hum":"50.6","co2ppm":"4550.79","higromet":"430","luz":"0","maqhum":"0","maqdesh":"0","maqcale":"1","modman":"0","periodo":"0","horasluz":null,"fechaini":null},{"id":"1892","fecha":"2017-03-07","hora":"19:55:21","temp":"18.2","hum":"50.7","co2ppm":"4550.79","higromet":"430","luz":"0","maqhum":"0","maqdesh":"0","maqcale":"1","modman":"0","periodo":"0","horasluz":null,"fechaini":null},{"id":"1891","fecha":"2017-03-07","hora":"19:55:16","temp":"18.2","hum":"50.7","co2ppm":"4550.79","higromet":"430","luz":"0","maqhum":"0","maqdesh":"0","maqcale":"1","modman":"0","periodo":"0","horasluz":null,"fechaini":null},{"id":"1890","fecha":"2017-03-07","hora":"19:55:11","temp":"18.2","hum":"50.7","co2ppm":"4550.79","higromet":"430","luz":"0","maqhum":"0","maqdesh":"0","maqcale":"1","modman":"0","periodo":"0","horasluz":null,"fechaini":null},{"id":"1889","fecha":"2017-03-07","hora":"19:55:07","temp":"18.2","hum":"50.7","co2ppm":"4458.14","higromet":"430","luz":"0","maqhum":"0","maqdesh":"0","maqcale":"1","modman":"0","periodo":"0","horasluz":null,"fechaini":null},{"id":"1888","fecha":"2017-03-07","hora":"19:55:02","temp":"18.2","hum":"50.7","co2ppm":"4550.79","higromet":"430","luz":"0","maqhum":"0","maqdesh":"0","maqcale":"1","modman":"0","periodo":"0","horasluz":null,"fechaini":null},{"id":"1887","fecha":"2017-03-07","hora":"19:54:57","temp":"18.2","hum":"50.8","co2ppm":"4550.79","higromet":"429","luz":"0","maqhum":"0","maqdesh":"0","maqcale":"1","modman":"0","periodo":"0","horasluz":null,"fechaini":null},{"id":"1886","fecha":"2017-03-07","hora":"19:54:52","temp":"18.2","hum":"50.7","co2ppm":"4550.79","higromet":"430","luz":"0","maqhum":"0","maqdesh":"0","maqcale":"1","modman":"0","periodo":"0","horasluz":null,"fechaini":null},{"id":"1885","fecha":"2017-03-07","hora":"19:54:47","temp":"18.2","hum":"50.7","co2ppm":"4550.79","higromet":"430","luz":"0","maqhum":"0","maqdesh":"0","maqcale":"1","modman":"0","periodo":"0","horasluz":null,"fechaini":null},{"id":"1884","fecha":"2017-03-07","hora":"19:54:42","temp":"18.2","hum":"50.7","co2ppm":"4550.79","higromet":"430","luz":"0","maqhum":"0","maqdesh":"0","maqcale":"1","modman":"0","periodo":"0","horasluz":null,"fechaini":null},{"id":"1883","fecha":"2017-03-07","hora":"19:54:38","temp":"18.2","hum":"50.6","co2ppm":"4550.79","higromet":"429","luz":"0","maqhum":"0","maqdesh":"0","maqcale":"1","modman":"0","periodo":"0","horasluz":null,"fechaini":null},{"id":"1882","fecha":"2017-03-07","hora":"19:54:33","temp":"18.2","hum":"50.7","co2ppm":"4550.79","higromet":"430","luz":"0","maqhum":"0","maqdesh":"0","maqcale":"1","modman":"0","periodo":"0","horasluz":null,"fechaini":null},{"id":"1881","fecha":"2017-03-07","hora":"19:54:28","temp":"18.2","hum":"50.7","co2ppm":"4550.79","higromet":"429","luz":"0","maqhum":"0","maqdesh":"0","maqcale":"1","modman":"0","periodo":"0","horasluz":null,"fechaini":null},{"id":"1880","fecha":"2017-03-07","hora":"19:54:23","temp":"18.2","hum":"50.7","co2ppm":"4550.79","higromet":"429","luz":"0","maqhum":"0","maqdesh":"0","maqcale":"1","modman":"0","periodo":"0","horasluz":null,"fechaini":null},{"id":"1879","fecha":"2017-03-07","hora":"19:54:18","temp":"18.2","hum":"50.6","co2ppm":"4550.79","higromet":"430","luz":"0","maqhum":"0","maqdesh":"0","maqcale":"1","modman":"0","periodo":"0","horasluz":null,"fechaini":null},{"id":"1878","fecha":"2017-03-07","hora":"19:54:13","temp":"18.2","hum":"50.6","co2ppm":"4550.79","higromet":"430","luz":"0","maqhum":"0","maqdesh":"0","maqcale":"1","modman":"0","periodo":"0","horasluz":null,"fechaini":null},{"id":"1877","fecha":"2017-03-07","hora":"19:54:09","temp":"18.2","hum":"50.6","co2ppm":"4550.79","higromet":"429","luz":"0","maqhum":"0","maqdesh":"0","maqcale":"1","modman":"0","periodo":"0","horasluz":null,"fechaini":null},{"id":"1876","fecha":"2017-03-07","hora":"19:54:04","temp":"18.3","hum":"50.7","co2ppm":"4644.87","higromet":"429","luz":"0","maqhum":"0","maqdesh":"0","maqcale":"1","modman":"0","periodo":"0","horasluz":null,"fechaini":null},{"id":"1875","fecha":"2017-03-07","hora":"19:53:59","temp":"18.2","hum":"50.6","co2ppm":"4550.79","higromet":"429","luz":"0","maqhum":"0","maqdesh":"0","maqcale":"1","modman":"0","periodo":"0","horasluz":null,"fechaini":null},{"id":"1874","fecha":"2017-03-07","hora":"19:53:54","temp":"18.2","hum":"50.6","co2ppm":"4550.79","higromet":"429","luz":"0","maqhum":"0","maqdesh":"0","maqcale":"1","modman":"0","periodo":"0","horasluz":null,"fechaini":null},{"id":"1873","fecha":"2017-03-07","hora":"19:53:49","temp":"18.2","hum":"50.6","co2ppm":"4550.79","higromet":"429","luz":"0","maqhum":"0","maqdesh":"0","maqcale":"1","modman":"0","periodo":"0","horasluz":null,"fechaini":null},{"id":"1872","fecha":"2017-03-07","hora":"19:53:45","temp":"18.2","hum":"50.6","co2ppm":"4550.79","higromet":"429","luz":"0","maqhum":"0","maqdesh":"0","maqcale":"1","modman":"0","periodo":"0","horasluz":null,"fechaini":null},{"id":"1871","fecha":"2017-03-07","hora":"19:53:40","temp":"18.2","hum":"50.8","co2ppm":"4644.87","higromet":"429","luz":"0","maqhum":"0","maqdesh":"0","maqcale":"1","modman":"0","periodo":"0","horasluz":null,"fechaini":null},{"id":"1870","fecha":"2017-03-07","hora":"19:53:35","temp":"18.2","hum":"50.7","co2ppm":"4550.79","higromet":"430","luz":"0","maqhum":"0","maqdesh":"0","maqcale":"1","modman":"0","periodo":"0","horasluz":null,"fechaini":null},{"id":"1869","fecha":"2017-03-07","hora":"19:53:30","temp":"18.2","hum":"50.8","co2ppm":"4644.87","higromet":"430","luz":"0","maqhum":"0","maqdesh":"0","maqcale":"1","modman":"0","periodo":"0","horasluz":null,"fechaini":null},{"id":"1868","fecha":"2017-03-07","hora":"19:53:25","temp":"18.2","hum":"50.9","co2ppm":"4550.79","higromet":"429","luz":"0","maqhum":"0","maqdesh":"0","maqcale":"1","modman":"0","periodo":"0","horasluz":null,"fechaini":null},{"id":"1867","fecha":"2017-03-07","hora":"19:53:20","temp":"18.2","hum":"50.7","co2ppm":"4550.79","higromet":"430","luz":"0","maqhum":"0","maqdesh":"0","maqcale":"1","modman":"0","periodo":"0","horasluz":null,"fechaini":null},{"id":"1866","fecha":"2017-03-07","hora":"19:53:16","temp":"18.2","hum":"50.9","co2ppm":"4550.79","higromet":"429","luz":"0","maqhum":"0","maqdesh":"0","maqcale":"1","modman":"0","periodo":"0","horasluz":null,"fechaini":null},{"id":"1865","fecha":"2017-03-07","hora":"19:53:11","temp":"18.2","hum":"50.8","co2ppm":"4550.79","higromet":"430","luz":"0","maqhum":"0","maqdesh":"0","maqcale":"1","modman":"0","periodo":"0","horasluz":null,"fechaini":null},{"id":"1864","fecha":"2017-03-07","hora":"19:53:06","temp":"18.2","hum":"50.8","co2ppm":"4550.79","higromet":"430","luz":"0","maqhum":"0","maqdesh":"0","maqcale":"1","modman":"0","periodo":"0","horasluz":null,"fechaini":null},{"id":"1863","fecha":"2017-03-07","hora":"19:53:01","temp":"18.2","hum":"50.8","co2ppm":"4550.79","higromet":"430","luz":"0","maqhum":"0","maqdesh":"0","maqcale":"1","modman":"0","periodo":"0","horasluz":null,"fechaini":null},{"id":"1862","fecha":"2017-03-07","hora":"19:52:56","temp":"18.2","hum":"50.7","co2ppm":"4550.79","higromet":"430","luz":"0","maqhum":"0","maqdesh":"0","maqcale":"1","modman":"0","periodo":"0","horasluz":null,"fechaini":null},{"id":"1861","fecha":"2017-03-07","hora":"19:52:51","temp":"18.2","hum":"50.7","co2ppm":"4550.79","higromet":"430","luz":"0","maqhum":"0","maqdesh":"0","maqcale":"1","modman":"0","periodo":"0","horasluz":null,"fechaini":null},{"id":"1860","fecha":"2017-03-07","hora":"19:52:47","temp":"18.2","hum":"50.7","co2ppm":"4644.87","higromet":"430","luz":"0","maqhum":"0","maqdesh":"0","maqcale":"1","modman":"0","periodo":"0","horasluz":null,"fechaini":null},{"id":"1859","fecha":"2017-03-07","hora":"19:52:42","temp":"18.2","hum":"50.6","co2ppm":"4644.87","higromet":"430","luz":"0","maqhum":"0","maqdesh":"0","maqcale":"1","modman":"0","periodo":"0","horasluz":null,"fechaini":null},{"id":"1858","fecha":"2017-03-07","hora":"19:52:37","temp":"18.2","hum":"50.6","co2ppm":"4550.79","higromet":"430","luz":"0","maqhum":"0","maqdesh":"0","maqcale":"1","modman":"0","periodo":"0","horasluz":null,"fechaini":null},{"id":"1857","fecha":"2017-03-07","hora":"19:52:32","temp":"18.2","hum":"50.6","co2ppm":"4644.87","higromet":"429","luz":"0","maqhum":"0","maqdesh":"0","maqcale":"1","modman":"0","periodo":"0","horasluz":null,"fechaini":null},{"id":"1856","fecha":"2017-03-07","hora":"19:52:27","temp":"18.2","hum":"50.5","co2ppm":"4644.87","higromet":"430","luz":"0","maqhum":"0","maqdesh":"0","maqcale":"1","modman":"0","periodo":"0","horasluz":null,"fechaini":null},{"id":"1855","fecha":"2017-03-07","hora":"19:52:22","temp":"18.2","hum":"50.5","co2ppm":"4644.87","higromet":"430","luz":"0","maqhum":"0","maqdesh":"0","maqcale":"1","modman":"0","periodo":"0","horasluz":null,"fechaini":null},{"id":"1854","fecha":"2017-03-07","hora":"19:52:18","temp":"18.2","hum":"50.5","co2ppm":"4644.87","higromet":"430","luz":"0","maqhum":"0","maqdesh":"0","maqcale":"1","modman":"0","periodo":"0","horasluz":null,"fechaini":null},{"id":"1853","fecha":"2017-03-07","hora":"19:52:13","temp":"18.2","hum":"50.4","co2ppm":"4644.87","higromet":"430","luz":"0","maqhum":"0","maqdesh":"0","maqcale":"1","modman":"0","periodo":"0","horasluz":null,"fechaini":null},{"id":"1852","fecha":"2017-03-07","hora":"19:52:08","temp":"18.3","hum":"50.5","co2ppm":"4550.79","higromet":"430","luz":"0","maqhum":"0","maqdesh":"0","maqcale":"1","modman":"0","periodo":"0","horasluz":null,"fechaini":null},{"id":"1851","fecha":"2017-03-07","hora":"19:52:03","temp":"18.3","hum":"50.5","co2ppm":"4644.87","higromet":"430","luz":"0","maqhum":"0","maqdesh":"0","maqcale":"1","modman":"0","periodo":"0","horasluz":null,"fechaini":null},{"id":"1850","fecha":"2017-03-07","hora":"19:51:58","temp":"18.2","hum":"50.5","co2ppm":"4644.87","higromet":"430","luz":"0","maqhum":"0","maqdesh":"0","maqcale":"1","modman":"0","periodo":"0","horasluz":null,"fechaini":null},{"id":"1849","fecha":"2017-03-07","hora":"19:51:53","temp":"18.2","hum":"50.5","co2ppm":"4740.41","higromet":"430","luz":"0","maqhum":"0","maqdesh":"0","maqcale":"1","modman":"0","periodo":"0","horasluz":null,"fechaini":null},{"id":"1848","fecha":"2017-03-07","hora":"19:51:49","temp":"18.3","hum":"50.5","co2ppm":"4644.87","higromet":"430","luz":"0","maqhum":"0","maqdesh":"0","maqcale":"1","modman":"0","periodo":"0","horasluz":null,"fechaini":null},{"id":"1847","fecha":"2017-03-07","hora":"19:51:44","temp":"18.3","hum":"50.5","co2ppm":"4644.87","higromet":"430","luz":"0","maqhum":"0","maqdesh":"0","maqcale":"1","modman":"0","periodo":"0","horasluz":null,"fechaini":null},{"id":"1846","fecha":"2017-03-07","hora":"19:51:39","temp":"18.3","hum":"50.5","co2ppm":"4740.41","higromet":"429","luz":"0","maqhum":"0","maqdesh":"0","maqcale":"1","modman":"0","periodo":"0","horasluz":null,"fechaini":null},{"id":"1845","fecha":"2017-03-07","hora":"19:51:34","temp":"18.3","hum":"50.5","co2ppm":"4740.41","higromet":"430","luz":"0","maqhum":"0","maqdesh":"0","maqcale":"1","modman":"0","periodo":"0","horasluz":null,"fechaini":null},{"id":"1844","fecha":"2017-03-07","hora":"19:51:29","temp":"18.3","hum":"50.5","co2ppm":"4644.87","higromet":"430","luz":"0","maqhum":"0","maqdesh":"0","maqcale":"1","modman":"0","periodo":"0","horasluz":null,"fechaini":null},{"id":"1843","fecha":"2017-03-07","hora":"19:51:25","temp":"18.2","hum":"50.4","co2ppm":"4644.87","higromet":"430","luz":"0","maqhum":"0","maqdesh":"0","maqcale":"1","modman":"0","periodo":"0","horasluz":null,"fechaini":null},{"id":"1842","fecha":"2017-03-07","hora":"19:51:20","temp":"18.3","hum":"50.4","co2ppm":"4644.87","higromet":"430","luz":"0","maqhum":"0","maqdesh":"0","maqcale":"1","modman":"0","periodo":"0","horasluz":null,"fechaini":null},{"id":"1841","fecha":"2017-03-07","hora":"19:51:15","temp":"18.3","hum":"50.4","co2ppm":"4644.87","higromet":"430","luz":"0","maqhum":"0","maqdesh":"0","maqcale":"1","modman":"0","periodo":"0","horasluz":null,"fechaini":null},{"id":"1840","fecha":"2017-03-07","hora":"19:51:10","temp":"18.3","hum":"50.4","co2ppm":"4740.41","higromet":"430","luz":"0","maqhum":"0","maqdesh":"0","maqcale":"1","modman":"0","periodo":"0","horasluz":null,"fechaini":null},{"id":"1839","fecha":"2017-03-07","hora":"19:51:05","temp":"18.3","hum":"50.3","co2ppm":"4740.41","higromet":"430","luz":"0","maqhum":"0","maqdesh":"0","maqcale":"1","modman":"0","periodo":"0","horasluz":null,"fechaini":null},{"id":"1838","fecha":"2017-03-07","hora":"19:51:00","temp":"18.3","hum":"50.2","co2ppm":"4740.41","higromet":"430","luz":"0","maqhum":"0","maqdesh":"0","maqcale":"1","modman":"0","periodo":"0","horasluz":null,"fechaini":null},{"id":"1837","fecha":"2017-03-07","hora":"19:50:56","temp":"18.3","hum":"50.2","co2ppm":"4644.87","higromet":"430","luz":"0","maqhum":"0","maqdesh":"0","maqcale":"1","modman":"0","periodo":"0","horasluz":null,"fechaini":null},{"id":"1836","fecha":"2017-03-07","hora":"19:50:51","temp":"18.3","hum":"50.2","co2ppm":"4644.87","higromet":"430","luz":"0","maqhum":"0","maqdesh":"0","maqcale":"1","modman":"0","periodo":"0","horasluz":null,"fechaini":null},{"id":"1835","fecha":"2017-03-07","hora":"19:50:46","temp":"18.3","hum":"50.1","co2ppm":"4644.87","higromet":"430","luz":"0","maqhum":"0","maqdesh":"0","maqcale":"1","modman":"0","periodo":"0","horasluz":null,"fechaini":null},{"id":"1834","fecha":"2017-03-07","hora":"19:50:41","temp":"18.3","hum":"50.2","co2ppm":"4740.41","higromet":"430","luz":"0","maqhum":"0","maqdesh":"0","maqcale":"1","modman":"0","periodo":"0","horasluz":null,"fechaini":null},{"id":"1833","fecha":"2017-03-07","hora":"19:50:36","temp":"18.3","hum":"50.2","co2ppm":"4740.41","higromet":"430","luz":"0","maqhum":"0","maqdesh":"0","maqcale":"1","modman":"0","periodo":"0","horasluz":null,"fechaini":null},{"id":"1832","fecha":"2017-03-07","hora":"19:50:31","temp":"18.3","hum":"50.4","co2ppm":"4740.41","higromet":"430","luz":"0","maqhum":"0","maqdesh":"0","maqcale":"1","modman":"0","periodo":"0","horasluz":null,"fechaini":null},{"id":"1831","fecha":"2017-03-07","hora":"19:50:27","temp":"18.3","hum":"50.4","co2ppm":"4740.41","higromet":"430","luz":"0","maqhum":"0","maqdesh":"0","maqcale":"1","modman":"0","periodo":"0","horasluz":null,"fechaini":null},{"id":"1830","fecha":"2017-03-07","hora":"19:50:22","temp":"18.3","hum":"50.4","co2ppm":"4740.41","higromet":"430","luz":"0","maqhum":"0","maqdesh":"0","maqcale":"1","modman":"0","periodo":"0","horasluz":null,"fechaini":null},{"id":"1829","fecha":"2017-03-07","hora":"19:50:17","temp":"18.3","hum":"50.4","co2ppm":"4740.41","higromet":"430","luz":"0","maqhum":"0","maqdesh":"0","maqcale":"1","modman":"0","periodo":"0","horasluz":null,"fechaini":null},{"id":"1828","fecha":"2017-03-07","hora":"19:50:12","temp":"18.3","hum":"50.3","co2ppm":"4740.41","higromet":"430","luz":"0","maqhum":"0","maqdesh":"0","maqcale":"1","modman":"0","periodo":"0","horasluz":null,"fechaini":null},{"id":"1827","fecha":"2017-03-07","hora":"19:50:07","temp":"18.3","hum":"50.4","co2ppm":"4644.87","higromet":"430","luz":"0","maqhum":"0","maqdesh":"0","maqcale":"1","modman":"0","periodo":"0","horasluz":null,"fechaini":null},{"id":"1826","fecha":"2017-03-07","hora":"19:50:02","temp":"18.3","hum":"50.3","co2ppm":"4644.87","higromet":"430","luz":"0","maqhum":"0","maqdesh":"0","maqcale":"1","modman":"0","periodo":"0","horasluz":null,"fechaini":null},{"id":"1825","fecha":"2017-03-07","hora":"19:49:58","temp":"18.3","hum":"50.2","co2ppm":"4644.87","higromet":"429","luz":"0","maqhum":"0","maqdesh":"0","maqcale":"1","modman":"0","periodo":"0","horasluz":null,"fechaini":null},{"id":"1824","fecha":"2017-03-07","hora":"19:49:53","temp":"18.3","hum":"50.4","co2ppm":"4644.87","higromet":"430","luz":"0","maqhum":"0","maqdesh":"0","maqcale":"1","modman":"0","periodo":"0","horasluz":null,"fechaini":null},{"id":"1823","fecha":"2017-03-07","hora":"19:49:48","temp":"18.3","hum":"50.3","co2ppm":"4740.41","higromet":"430","luz":"0","maqhum":"0","maqdesh":"0","maqcale":"1","modman":"0","periodo":"0","horasluz":null,"fechaini":null},{"id":"1822","fecha":"2017-03-07","hora":"19:49:43","temp":"18.3","hum":"50.2","co2ppm":"4740.41","higromet":"430","luz":"0","maqhum":"0","maqdesh":"0","maqcale":"1","modman":"0","periodo":"0","horasluz":null,"fechaini":null},{"id":"1821","fecha":"2017-03-07","hora":"19:49:38","temp":"18.3","hum":"50.1","co2ppm":"4740.41","higromet":"429","luz":"0","maqhum":"0","maqdesh":"0","maqcale":"1","modman":"0","periodo":"0","horasluz":null,"fechaini":null},{"id":"1820","fecha":"2017-03-07","hora":"19:49:34","temp":"18.3","hum":"50.1","co2ppm":"4740.41","higromet":"429","luz":"0","maqhum":"0","maqdesh":"0","maqcale":"1","modman":"0","periodo":"0","horasluz":null,"fechaini":null},{"id":"1819","fecha":"2017-03-07","hora":"19:49:29","temp":"18.3","hum":"50.1","co2ppm":"4644.87","higromet":"429","luz":"0","maqhum":"0","maqdesh":"0","maqcale":"1","modman":"0","periodo":"0","horasluz":null,"fechaini":null},{"id":"1818","fecha":"2017-03-07","hora":"19:49:24","temp":"18.3","hum":"50.1","co2ppm":"4644.87","higromet":"429","luz":"0","maqhum":"0","maqdesh":"0","maqcale":"1","modman":"0","periodo":"0","horasluz":null,"fechaini":null},{"id":"1817","fecha":"2017-03-07","hora":"19:49:19","temp":"18.3","hum":"50.2","co2ppm":"4740.41","higromet":"429","luz":"0","maqhum":"0","maqdesh":"0","maqcale":"1","modman":"0","periodo":"0","horasluz":null,"fechaini":null},{"id":"1816","fecha":"2017-03-07","hora":"19:49:14","temp":"18.3","hum":"50.2","co2ppm":"4740.41","higromet":"429","luz":"0","maqhum":"0","maqdesh":"0","maqcale":"1","modman":"0","periodo":"0","horasluz":null,"fechaini":null},{"id":"1815","fecha":"2017-03-07","hora":"19:49:09","temp":"18.3","hum":"50.2","co2ppm":"4644.87","higromet":"429","luz":"0","maqhum":"0","maqdesh":"0","maqcale":"1","modman":"0","periodo":"0","horasluz":null,"fechaini":null},{"id":"1814","fecha":"2017-03-07","hora":"19:49:05","temp":"18.3","hum":"50.2","co2ppm":"4740.41","higromet":"429","luz":"0","maqhum":"0","maqdesh":"0","maqcale":"1","modman":"0","periodo":"0","horasluz":null,"fechaini":null},{"id":"1813","fecha":"2017-03-07","hora":"19:49:00","temp":"18.3","hum":"50.1","co2ppm":"4644.87","higromet":"429","luz":"0","maqhum":"0","maqdesh":"0","maqcale":"1","modman":"0","periodo":"0","horasluz":null,"fechaini":null},{"id":"1812","fecha":"2017-03-07","hora":"19:48:55","temp":"18.3","hum":"50.1","co2ppm":"4644.87","higromet":"429","luz":"0","maqhum":"0","maqdesh":"0","maqcale":"1","modman":"0","periodo":"0","horasluz":null,"fechaini":null},{"id":"1811","fecha":"2017-03-07","hora":"19:48:50","temp":"18.3","hum":"50.1","co2ppm":"4740.41","higromet":"430","luz":"0","maqhum":"0","maqdesh":"0","maqcale":"1","modman":"0","periodo":"0","horasluz":null,"fechaini":null},{"id":"1810","fecha":"2017-03-07","hora":"19:48:45","temp":"18.3","hum":"50.1","co2ppm":"4740.41","higromet":"429","luz":"0","maqhum":"0","maqdesh":"0","maqcale":"1","modman":"0","periodo":"0","horasluz":null,"fechaini":null},{"id":"1809","fecha":"2017-03-07","hora":"19:48:40","temp":"18.3","hum":"50.1","co2ppm":"4740.41","higromet":"429","luz":"0","maqhum":"0","maqdesh":"0","maqcale":"1","modman":"0","periodo":"0","horasluz":null,"fechaini":null},{"id":"1808","fecha":"2017-03-07","hora":"19:48:36","temp":"18.3","hum":"50.1","co2ppm":"4644.87","higromet":"429","luz":"0","maqhum":"0","maqdesh":"0","maqcale":"1","modman":"0","periodo":"0","horasluz":null,"fechaini":null},{"id":"1807","fecha":"2017-03-07","hora":"19:48:31","temp":"18.3","hum":"50.1","co2ppm":"4740.41","higromet":"430","luz":"0","maqhum":"0","maqdesh":"0","maqcale":"1","modman":"0","periodo":"0","horasluz":null,"fechaini":null},{"id":"1806","fecha":"2017-03-07","hora":"19:48:26","temp":"18.3","hum":"50","co2ppm":"4740.41","higromet":"429","luz":"0","maqhum":"0","maqdesh":"0","maqcale":"1","modman":"0","periodo":"0","horasluz":null,"fechaini":null},{"id":"1805","fecha":"2017-03-07","hora":"19:48:21","temp":"18.3","hum":"49.9","co2ppm":"4740.41","higromet":"429","luz":"0","maqhum":"0","maqdesh":"0","maqcale":"1","modman":"0","periodo":"0","horasluz":null,"fechaini":null},{"id":"1804","fecha":"2017-03-07","hora":"19:48:16","temp":"18.3","hum":"50","co2ppm":"4740.41","higromet":"429","luz":"0","maqhum":"0","maqdesh":"0","maqcale":"1","modman":"0","periodo":"0","horasluz":null,"fechaini":null},{"id":"1803","fecha":"2017-03-07","hora":"19:48:11","temp":"18.3","hum":"50","co2ppm":"4740.41","higromet":"429","luz":"0","maqhum":"0","maqdesh":"0","maqcale":"1","modman":"0","periodo":"0","horasluz":null,"fechaini":null},{"id":"1802","fecha":"2017-03-07","hora":"19:48:07","temp":"18.3","hum":"50","co2ppm":"4740.41","higromet":"429","luz":"0","maqhum":"0","maqdesh":"0","maqcale":"1","modman":"0","periodo":"0","horasluz":null,"fechaini":null},{"id":"1801","fecha":"2017-03-07","hora":"19:48:02","temp":"18.3","hum":"50.1","co2ppm":"4740.41","higromet":"429","luz":"0","maqhum":"0","maqdesh":"0","maqcale":"1","modman":"0","periodo":"0","horasluz":null,"fechaini":null},{"id":"1800","fecha":"2017-03-07","hora":"19:47:57","temp":"18.3","hum":"50.1","co2ppm":"4740.41","higromet":"430","luz":"0","maqhum":"0","maqdesh":"0","maqcale":"1","modman":"0","periodo":"0","horasluz":null,"fechaini":null},{"id":"1799","fecha":"2017-03-07","hora":"19:47:52","temp":"18.3","hum":"50","co2ppm":"4837.42","higromet":"429","luz":"0","maqhum":"0","maqdesh":"0","maqcale":"1","modman":"0","periodo":"0","horasluz":null,"fechaini":null},{"id":"1798","fecha":"2017-03-07","hora":"19:47:47","temp":"18.3","hum":"50","co2ppm":"4837.42","higromet":"430","luz":"0","maqhum":"0","maqdesh":"0","maqcale":"1","modman":"0","periodo":"0","horasluz":null,"fechaini":null},{"id":"1797","fecha":"2017-03-07","hora":"19:47:42","temp":"18.3","hum":"50","co2ppm":"4837.42","higromet":"429","luz":"0","maqhum":"0","maqdesh":"0","maqcale":"1","modman":"0","periodo":"0","horasluz":null,"fechaini":null},{"id":"1796","fecha":"2017-03-07","hora":"19:47:38","temp":"18.3","hum":"50","co2ppm":"4837.42","higromet":"429","luz":"0","maqhum":"0","maqdesh":"0","maqcale":"1","modman":"0","periodo":"0","horasluz":null,"fechaini":null},{"id":"1795","fecha":"2017-03-07","hora":"19:47:33","temp":"18.3","hum":"50","co2ppm":"4740.41","higromet":"429","luz":"0","maqhum":"0","maqdesh":"0","maqcale":"1","modman":"0","periodo":"0","horasluz":null,"fechaini":null},{"id":"1794","fecha":"2017-03-07","hora":"19:47:28","temp":"18.3","hum":"50.1","co2ppm":"4837.42","higromet":"430","luz":"0","maqhum":"0","maqdesh":"0","maqcale":"1","modman":"0","periodo":"0","horasluz":null,"fechaini":null},{"id":"1793","fecha":"2017-03-07","hora":"19:47:23","temp":"18.3","hum":"50.1","co2ppm":"4837.42","higromet":"429","luz":"0","maqhum":"0","maqdesh":"0","maqcale":"1","modman":"0","periodo":"0","horasluz":null,"fechaini":null},{"id":"1792","fecha":"2017-03-07","hora":"19:47:18","temp":"18.3","hum":"50.1","co2ppm":"4837.42","higromet":"429","luz":"0","maqhum":"0","maqdesh":"0","maqcale":"1","modman":"0","periodo":"0","horasluz":null,"fechaini":null},{"id":"1791","fecha":"2017-03-07","hora":"19:47:14","temp":"18.3","hum":"50.1","co2ppm":"4740.41","higromet":"429","luz":"0","maqhum":"0","maqdesh":"0","maqcale":"1","modman":"0","periodo":"0","horasluz":null,"fechaini":null},{"id":"1790","fecha":"2017-03-07","hora":"19:47:09","temp":"18.3","hum":"50","co2ppm":"4837.42","higromet":"429","luz":"0","maqhum":"0","maqdesh":"0","maqcale":"1","modman":"0","periodo":"0","horasluz":null,"fechaini":null},{"id":"1789","fecha":"2017-03-07","hora":"19:47:04","temp":"18.3","hum":"50","co2ppm":"4837.42","higromet":"429","luz":"0","maqhum":"0","maqdesh":"0","maqcale":"1","modman":"0","periodo":"0","horasluz":null,"fechaini":null},{"id":"1788","fecha":"2017-03-07","hora":"19:46:59","temp":"18.3","hum":"50","co2ppm":"4837.42","higromet":"429","luz":"0","maqhum":"0","maqdesh":"0","maqcale":"1","modman":"0","periodo":"0","horasluz":null,"fechaini":null},{"id":"1787","fecha":"2017-03-07","hora":"19:46:54","temp":"18.4","hum":"50","co2ppm":"4837.42","higromet":"429","luz":"0","maqhum":"0","maqdesh":"0","maqcale":"1","modman":"0","periodo":"0","horasluz":null,"fechaini":null},{"id":"1786","fecha":"2017-03-07","hora":"19:46:49","temp":"18.4","hum":"50","co2ppm":"4837.42","higromet":"429","luz":"0","maqhum":"0","maqdesh":"0","maqcale":"1","modman":"0","periodo":"0","horasluz":null,"fechaini":null},{"id":"1785","fecha":"2017-03-07","hora":"19:46:45","temp":"18.4","hum":"50","co2ppm":"4837.42","higromet":"429","luz":"0","maqhum":"0","maqdesh":"0","maqcale":"1","modman":"0","periodo":"0","horasluz":null,"fechaini":null},{"id":"1784","fecha":"2017-03-07","hora":"19:46:40","temp":"18.4","hum":"50.1","co2ppm":"4837.42","higromet":"429","luz":"0","maqhum":"0","maqdesh":"0","maqcale":"1","modman":"0","periodo":"0","horasluz":null,"fechaini":null},{"id":"1783","fecha":"2017-03-07","hora":"19:46:35","temp":"18.4","hum":"50","co2ppm":"4837.42","higromet":"429","luz":"0","maqhum":"0","maqdesh":"0","maqcale":"1","modman":"0","periodo":"0","horasluz":null,"fechaini":null},{"id":"1782","fecha":"2017-03-07","hora":"19:46:30","temp":"18.4","hum":"50","co2ppm":"4837.42","higromet":"429","luz":"0","maqhum":"0","maqdesh":"0","maqcale":"1","modman":"0","periodo":"0","horasluz":null,"fechaini":null},{"id":"1781","fecha":"2017-03-07","hora":"19:46:25","temp":"18.4","hum":"49.9","co2ppm":"4837.42","higromet":"429","luz":"0","maqhum":"0","maqdesh":"0","maqcale":"1","modman":"0","periodo":"0","horasluz":null,"fechaini":null},{"id":"1780","fecha":"2017-03-07","hora":"19:46:20","temp":"18.4","hum":"49.9","co2ppm":"4837.42","higromet":"429","luz":"0","maqhum":"0","maqdesh":"0","maqcale":"1","modman":"0","periodo":"0","horasluz":null,"fechaini":null},{"id":"1779","fecha":"2017-03-07","hora":"19:46:16","temp":"18.4","hum":"49.8","co2ppm":"4837.42","higromet":"429","luz":"0","maqhum":"0","maqdesh":"0","maqcale":"1","modman":"0","periodo":"0","horasluz":null,"fechaini":null},{"id":"1778","fecha":"2017-03-07","hora":"19:46:11","temp":"18.4","hum":"49.8","co2ppm":"4837.42","higromet":"429","luz":"0","maqhum":"0","maqdesh":"0","maqcale":"1","modman":"0","periodo":"0","horasluz":null,"fechaini":null},{"id":"1777","fecha":"2017-03-07","hora":"19:46:06","temp":"18.4","hum":"49.7","co2ppm":"4837.42","higromet":"429","luz":"0","maqhum":"0","maqdesh":"0","maqcale":"1","modman":"0","periodo":"0","horasluz":null,"fechaini":null},{"id":"1776","fecha":"2017-03-07","hora":"19:46:01","temp":"18.4","hum":"49.7","co2ppm":"4837.42","higromet":"429","luz":"0","maqhum":"0","maqdesh":"0","maqcale":"1","modman":"0","periodo":"0","horasluz":null,"fechaini":null},{"id":"1775","fecha":"2017-03-07","hora":"19:45:56","temp":"18.4","hum":"49.7","co2ppm":"4837.42","higromet":"429","luz":"0","maqhum":"0","maqdesh":"0","maqcale":"1","modman":"0","periodo":"0","horasluz":null,"fechaini":null},{"id":"1774","fecha":"2017-03-07","hora":"19:45:51","temp":"18.4","hum":"49.7","co2ppm":"4837.42","higromet":"429","luz":"0","maqhum":"0","maqdesh":"0","maqcale":"1","modman":"0","periodo":"0","horasluz":null,"fechaini":null},{"id":"1773","fecha":"2017-03-07","hora":"19:45:47","temp":"18.4","hum":"49.7","co2ppm":"4837.42","higromet":"428","luz":"0","maqhum":"0","maqdesh":"0","maqcale":"1","modman":"0","periodo":"0","horasluz":null,"fechaini":null},{"id":"1772","fecha":"2017-03-07","hora":"19:45:42","temp":"18.4","hum":"49.7","co2ppm":"4837.42","higromet":"429","luz":"0","maqhum":"0","maqdesh":"0","maqcale":"1","modman":"0","periodo":"0","horasluz":null,"fechaini":null},{"id":"1771","fecha":"2017-03-07","hora":"19:45:37","temp":"18.4","hum":"49.7","co2ppm":"4837.42","higromet":"429","luz":"0","maqhum":"0","maqdesh":"0","maqcale":"1","modman":"0","periodo":"0","horasluz":null,"fechaini":null},{"id":"1770","fecha":"2017-03-07","hora":"19:45:32","temp":"18.4","hum":"49.8","co2ppm":"4740.41","higromet":"428","luz":"0","maqhum":"0","maqdesh":"0","maqcale":"1","modman":"0","periodo":"0","horasluz":null,"fechaini":null},{"id":"1769","fecha":"2017-03-07","hora":"19:45:27","temp":"18.4","hum":"49.8","co2ppm":"4837.42","higromet":"428","luz":"0","maqhum":"0","maqdesh":"0","maqcale":"1","modman":"0","periodo":"0","horasluz":null,"fechaini":null},{"id":"1768","fecha":"2017-03-07","hora":"19:45:23","temp":"18.4","hum":"49.8","co2ppm":"4740.41","higromet":"428","luz":"0","maqhum":"0","maqdesh":"0","maqcale":"1","modman":"0","periodo":"0","horasluz":null,"fechaini":null},{"id":"1767","fecha":"2017-03-07","hora":"19:45:18","temp":"18.4","hum":"49.8","co2ppm":"4740.41","higromet":"428","luz":"0","maqhum":"0","maqdesh":"0","maqcale":"1","modman":"0","periodo":"0","horasluz":null,"fechaini":null},{"id":"1766","fecha":"2017-03-07","hora":"19:45:13","temp":"18.4","hum":"49.9","co2ppm":"4740.41","higromet":"428","luz":"0","maqhum":"0","maqdesh":"0","maqcale":"1","modman":"0","periodo":"0","horasluz":null,"fechaini":null},{"id":"1765","fecha":"2017-03-07","hora":"19:45:08","temp":"18.4","hum":"49.9","co2ppm":"4740.41","higromet":"428","luz":"0","maqhum":"0","maqdesh":"0","maqcale":"1","modman":"0","periodo":"0","horasluz":null,"fechaini":null},{"id":"1764","fecha":"2017-03-07","hora":"19:45:03","temp":"18.4","hum":"49.8","co2ppm":"4740.41","higromet":"428","luz":"0","maqhum":"0","maqdesh":"0","maqcale":"1","modman":"0","periodo":"0","horasluz":null,"fechaini":null},{"id":"1763","fecha":"2017-03-07","hora":"19:44:58","temp":"18.4","hum":"49.8","co2ppm":"4644.87","higromet":"428","luz":"0","maqhum":"0","maqdesh":"0","maqcale":"1","modman":"0","periodo":"0","horasluz":null,"fechaini":null},{"id":"1762","fecha":"2017-03-07","hora":"19:44:54","temp":"18.4","hum":"49.8","co2ppm":"4644.87","higromet":"428","luz":"0","maqhum":"0","maqdesh":"0","maqcale":"1","modman":"0","periodo":"0","horasluz":null,"fechaini":null},{"id":"1761","fecha":"2017-03-07","hora":"19:44:49","temp":"18.4","hum":"49.8","co2ppm":"4644.87","higromet":"427","luz":"0","maqhum":"0","maqdesh":"0","maqcale":"1","modman":"0","periodo":"0","horasluz":null,"fechaini":null},{"id":"1760","fecha":"2017-03-07","hora":"19:44:44","temp":"18.4","hum":"49.9","co2ppm":"4644.87","higromet":"428","luz":"0","maqhum":"0","maqdesh":"0","maqcale":"1","modman":"0","periodo":"0","horasluz":null,"fechaini":null},{"id":"1759","fecha":"2017-03-07","hora":"19:44:39","temp":"18.4","hum":"49.9","co2ppm":"4644.87","higromet":"428","luz":"0","maqhum":"0","maqdesh":"0","maqcale":"1","modman":"0","periodo":"0","horasluz":null,"fechaini":null},{"id":"1758","fecha":"2017-03-07","hora":"19:44:34","temp":"18.3","hum":"49.9","co2ppm":"4644.87","higromet":"428","luz":"0","maqhum":"0","maqdesh":"0","maqcale":"1","modman":"0","periodo":"0","horasluz":null,"fechaini":null},{"id":"1757","fecha":"2017-03-07","hora":"19:44:29","temp":"18.4","hum":"49.9","co2ppm":"4550.79","higromet":"428","luz":"0","maqhum":"0","maqdesh":"0","maqcale":"1","modman":"0","periodo":"0","horasluz":null,"fechaini":null},{"id":"1756","fecha":"2017-03-07","hora":"19:44:25","temp":"18.4","hum":"49.9","co2ppm":"4550.79","higromet":"428","luz":"0","maqhum":"0","maqdesh":"0","maqcale":"1","modman":"0","periodo":"0","horasluz":null,"fechaini":null},{"id":"1755","fecha":"2017-03-07","hora":"19:44:20","temp":"18.4","hum":"49.9","co2ppm":"4458.14","higromet":"428","luz":"0","maqhum":"0","maqdesh":"0","maqcale":"1","modman":"0","periodo":"0","horasluz":null,"fechaini":null},{"id":"1754","fecha":"2017-03-07","hora":"19:44:15","temp":"18.4","hum":"49.9","co2ppm":"4550.79","higromet":"428","luz":"0","maqhum":"0","maqdesh":"0","maqcale":"1","modman":"0","periodo":"0","horasluz":null,"fechaini":null},{"id":"1753","fecha":"2017-03-07","hora":"19:44:10","temp":"18.4","hum":"50","co2ppm":"4458.14","higromet":"428","luz":"0","maqhum":"0","maqdesh":"0","maqcale":"1","modman":"0","periodo":"0","horasluz":null,"fechaini":null},{"id":"1752","fecha":"2017-03-07","hora":"19:44:05","temp":"18.4","hum":"50","co2ppm":"4550.79","higromet":"428","luz":"0","maqhum":"0","maqdesh":"0","maqcale":"1","modman":"0","periodo":"0","horasluz":null,"fechaini":null},{"id":"1751","fecha":"2017-03-07","hora":"19:44:00","temp":"18.4","hum":"50.1","co2ppm":"4550.79","higromet":"428","luz":"0","maqhum":"0","maqdesh":"0","maqcale":"1","modman":"0","periodo":"0","horasluz":null,"fechaini":null},{"id":"1750","fecha":"2017-03-07","hora":"19:43:56","temp":"18.4","hum":"50.2","co2ppm":"4644.87","higromet":"428","luz":"0","maqhum":"0","maqdesh":"0","maqcale":"1","modman":"0","periodo":"0","horasluz":null,"fechaini":null},{"id":"1749","fecha":"2017-03-07","hora":"19:43:51","temp":"18.4","hum":"50.1","co2ppm":"4644.87","higromet":"428","luz":"0","maqhum":"0","maqdesh":"0","maqcale":"1","modman":"0","periodo":"0","horasluz":null,"fechaini":null},{"id":"1748","fecha":"2017-03-07","hora":"19:43:46","temp":"18.4","hum":"50","co2ppm":"4644.87","higromet":"429","luz":"0","maqhum":"0","maqdesh":"0","maqcale":"1","modman":"0","periodo":"0","horasluz":null,"fechaini":null},{"id":"1747","fecha":"2017-03-07","hora":"19:43:41","temp":"18.4","hum":"49.9","co2ppm":"4644.87","higromet":"428","luz":"0","maqhum":"0","maqdesh":"0","maqcale":"1","modman":"0","periodo":"0","horasluz":null,"fechaini":null},{"id":"1746","fecha":"2017-03-07","hora":"19:43:36","temp":"18.4","hum":"49.9","co2ppm":"4644.87","higromet":"428","luz":"0","maqhum":"0","maqdesh":"0","maqcale":"1","modman":"0","periodo":"0","horasluz":null,"fechaini":null},{"id":"1745","fecha":"2017-03-07","hora":"19:43:31","temp":"18.3","hum":"49.9","co2ppm":"4644.87","higromet":"428","luz":"0","maqhum":"0","maqdesh":"0","maqcale":"1","modman":"0","periodo":"0","horasluz":null,"fechaini":null},{"id":"1744","fecha":"2017-03-07","hora":"19:43:27","temp":"18.3","hum":"49.8","co2ppm":"4740.41","higromet":"428","luz":"0","maqhum":"0","maqdesh":"0","maqcale":"1","modman":"0","periodo":"0","horasluz":null,"fechaini":null},{"id":"1743","fecha":"2017-03-07","hora":"19:43:22","temp":"18.4","hum":"49.9","co2ppm":"4644.87","higromet":"428","luz":"0","maqhum":"0","maqdesh":"0","maqcale":"1","modman":"0","periodo":"0","horasluz":null,"fechaini":null},{"id":"1742","fecha":"2017-03-07","hora":"19:43:17","temp":"18.3","hum":"49.9","co2ppm":"4644.87","higromet":"429","luz":"0","maqhum":"0","maqdesh":"0","maqcale":"1","modman":"0","periodo":"0","horasluz":null,"fechaini":null},{"id":"1741","fecha":"2017-03-07","hora":"19:43:12","temp":"18.3","hum":"49.9","co2ppm":"4644.87","higromet":"428","luz":"0","maqhum":"0","maqdesh":"0","maqcale":"1","modman":"0","periodo":"0","horasluz":null,"fechaini":null},{"id":"1740","fecha":"2017-03-07","hora":"19:43:07","temp":"18.3","hum":"49.9","co2ppm":"4644.87","higromet":"428","luz":"0","maqhum":"0","maqdesh":"0","maqcale":"1","modman":"0","periodo":"0","horasluz":null,"fechaini":null},{"id":"1739","fecha":"2017-03-07","hora":"19:43:03","temp":"18.4","hum":"49.9","co2ppm":"4644.87","higromet":"428","luz":"0","maqhum":"0","maqdesh":"0","maqcale":"1","modman":"0","periodo":"0","horasluz":null,"fechaini":null},{"id":"1738","fecha":"2017-03-07","hora":"19:42:58","temp":"18.3","hum":"49.9","co2ppm":"4644.87","higromet":"428","luz":"0","maqhum":"0","maqdesh":"0","maqcale":"1","modman":"0","periodo":"0","horasluz":null,"fechaini":null},{"id":"1737","fecha":"2017-03-07","hora":"19:42:53","temp":"18.3","hum":"49.9","co2ppm":"4644.87","higromet":"429","luz":"0","maqhum":"0","maqdesh":"0","maqcale":"1","modman":"0","periodo":"0","horasluz":null,"fechaini":null},{"id":"1736","fecha":"2017-03-07","hora":"19:42:48","temp":"18.3","hum":"49.8","co2ppm":"4644.87","higromet":"429","luz":"0","maqhum":"0","maqdesh":"0","maqcale":"1","modman":"0","periodo":"0","horasluz":null,"fechaini":null},{"id":"1735","fecha":"2017-03-07","hora":"19:42:43","temp":"18.3","hum":"49.8","co2ppm":"4740.41","higromet":"429","luz":"0","maqhum":"0","maqdesh":"0","maqcale":"1","modman":"0","periodo":"0","horasluz":null,"fechaini":null},{"id":"1734","fecha":"2017-03-07","hora":"19:42:38","temp":"18.3","hum":"49.8","co2ppm":"4740.41","higromet":"428","luz":"0","maqhum":"0","maqdesh":"0","maqcale":"1","modman":"0","periodo":"0","horasluz":null,"fechaini":null},{"id":"1733","fecha":"2017-03-07","hora":"19:42:34","temp":"18.4","hum":"49.9","co2ppm":"4740.41","higromet":"429","luz":"0","maqhum":"0","maqdesh":"0","maqcale":"1","modman":"0","periodo":"0","horasluz":null,"fechaini":null},{"id":"1732","fecha":"2017-03-07","hora":"19:42:29","temp":"18.4","hum":"49.8","co2ppm":"4740.41","higromet":"429","luz":"0","maqhum":"0","maqdesh":"0","maqcale":"1","modman":"0","periodo":"0","horasluz":null,"fechaini":null},{"id":"1731","fecha":"2017-03-07","hora":"19:42:24","temp":"18.4","hum":"49.8","co2ppm":"4740.41","higromet":"429","luz":"0","maqhum":"0","maqdesh":"0","maqcale":"1","modman":"0","periodo":"0","horasluz":null,"fechaini":null},{"id":"1730","fecha":"2017-03-07","hora":"19:42:19","temp":"18.4","hum":"49.8","co2ppm":"4740.41","higromet":"429","luz":"0","maqhum":"0","maqdesh":"0","maqcale":"1","modman":"0","periodo":"0","horasluz":null,"fechaini":null},{"id":"1729","fecha":"2017-03-07","hora":"19:42:14","temp":"18.4","hum":"49.8","co2ppm":"4837.42","higromet":"429","luz":"0","maqhum":"0","maqdesh":"0","maqcale":"1","modman":"0","periodo":"0","horasluz":null,"fechaini":null},{"id":"1728","fecha":"2017-03-07","hora":"19:42:09","temp":"18.4","hum":"49.8","co2ppm":"4837.42","higromet":"429","luz":"0","maqhum":"0","maqdesh":"0","maqcale":"1","modman":"0","periodo":"0","horasluz":null,"fechaini":null},{"id":"1727","fecha":"2017-03-07","hora":"19:42:05","temp":"18.4","hum":"49.8","co2ppm":"4837.42","higromet":"429","luz":"0","maqhum":"0","maqdesh":"0","maqcale":"1","modman":"0","periodo":"0","horasluz":null,"fechaini":null},{"id":"1726","fecha":"2017-03-07","hora":"19:42:00","temp":"18.4","hum":"49.8","co2ppm":"4837.42","higromet":"429","luz":"0","maqhum":"0","maqdesh":"0","maqcale":"1","modman":"0","periodo":"0","horasluz":null,"fechaini":null},{"id":"1725","fecha":"2017-03-07","hora":"19:41:55","temp":"18.4","hum":"49.7","co2ppm":"4837.42","higromet":"429","luz":"0","maqhum":"0","maqdesh":"0","maqcale":"1","modman":"0","periodo":"0","horasluz":null,"fechaini":null},{"id":"1724","fecha":"2017-03-07","hora":"19:41:50","temp":"18.4","hum":"49.7","co2ppm":"4837.42","higromet":"428","luz":"0","maqhum":"0","maqdesh":"0","maqcale":"1","modman":"0","periodo":"0","horasluz":null,"fechaini":null},{"id":"1723","fecha":"2017-03-07","hora":"19:41:45","temp":"18.4","hum":"49.7","co2ppm":"4740.41","higromet":"429","luz":"0","maqhum":"0","maqdesh":"0","maqcale":"1","modman":"0","periodo":"0","horasluz":null,"fechaini":null},{"id":"1722","fecha":"2017-03-07","hora":"19:41:40","temp":"18.4","hum":"49.6","co2ppm":"4837.42","higromet":"430","luz":"0","maqhum":"0","maqdesh":"0","maqcale":"1","modman":"0","periodo":"0","horasluz":null,"fechaini":null},{"id":"1721","fecha":"2017-03-07","hora":"19:41:36","temp":"18.4","hum":"49.6","co2ppm":"4935.92","higromet":"430","luz":"0","maqhum":"0","maqdesh":"0","maqcale":"1","modman":"0","periodo":"0","horasluz":null,"fechaini":null},{"id":"1720","fecha":"2017-03-07","hora":"19:41:31","temp":"18.4","hum":"49.6","co2ppm":"4837.42","higromet":"430","luz":"0","maqhum":"0","maqdesh":"0","maqcale":"1","modman":"0","periodo":"0","horasluz":null,"fechaini":null},{"id":"1719","fecha":"2017-03-07","hora":"19:41:26","temp":"18.4","hum":"49.6","co2ppm":"4740.41","higromet":"429","luz":"0","maqhum":"0","maqdesh":"0","maqcale":"1","modman":"0","periodo":"0","horasluz":null,"fechaini":null},{"id":"1718","fecha":"2017-03-07","hora":"19:41:21","temp":"18.4","hum":"49.6","co2ppm":"4837.42","higromet":"428","luz":"0","maqhum":"0","maqdesh":"0","maqcale":"1","modman":"0","periodo":"0","horasluz":null,"fechaini":null},{"id":"1717","fecha":"2017-03-07","hora":"19:41:16","temp":"18.4","hum":"49.6","co2ppm":"4740.41","higromet":"428","luz":"0","maqhum":"0","maqdesh":"0","maqcale":"1","modman":"0","periodo":"0","horasluz":null,"fechaini":null},{"id":"1716","fecha":"2017-03-07","hora":"19:41:12","temp":"18.4","hum":"49.6","co2ppm":"4740.41","higromet":"428","luz":"0","maqhum":"0","maqdesh":"0","maqcale":"1","modman":"0","periodo":"0","horasluz":null,"fechaini":null},{"id":"1715","fecha":"2017-03-07","hora":"19:41:07","temp":"18.4","hum":"49.6","co2ppm":"4740.41","higromet":"428","luz":"0","maqhum":"0","maqdesh":"0","maqcale":"1","modman":"0","periodo":"0","horasluz":null,"fechaini":null},{"id":"1714","fecha":"2017-03-07","hora":"19:41:02","temp":"18.4","hum":"49.5","co2ppm":"4740.41","higromet":"428","luz":"0","maqhum":"0","maqdesh":"0","maqcale":"1","modman":"0","periodo":"0","horasluz":null,"fechaini":null},{"id":"1713","fecha":"2017-03-07","hora":"19:40:57","temp":"18.4","hum":"49.5","co2ppm":"4740.41","higromet":"429","luz":"0","maqhum":"0","maqdesh":"0","maqcale":"1","modman":"0","periodo":"0","horasluz":null,"fechaini":null},{"id":"1712","fecha":"2017-03-07","hora":"19:40:52","temp":"18.4","hum":"49.5","co2ppm":"4740.41","higromet":"428","luz":"0","maqhum":"0","maqdesh":"0","maqcale":"1","modman":"0","periodo":"0","horasluz":null,"fechaini":null},{"id":"1711","fecha":"2017-03-07","hora":"19:40:47","temp":"18.4","hum":"49.4","co2ppm":"4740.41","higromet":"428","luz":"0","maqhum":"0","maqdesh":"0","maqcale":"1","modman":"0","periodo":"0","horasluz":null,"fechaini":null},{"id":"1710","fecha":"2017-03-07","hora":"19:40:43","temp":"18.4","hum":"49.4","co2ppm":"4837.42","higromet":"429","luz":"0","maqhum":"0","maqdesh":"0","maqcale":"1","modman":"0","periodo":"0","horasluz":null,"fechaini":null},{"id":"1709","fecha":"2017-03-07","hora":"19:40:38","temp":"18.4","hum":"49.4","co2ppm":"4644.87","higromet":"428","luz":"0","maqhum":"0","maqdesh":"0","maqcale":"1","modman":"0","periodo":"0","horasluz":null,"fechaini":null},{"id":"1708","fecha":"2017-03-07","hora":"19:40:33","temp":"18.4","hum":"49.4","co2ppm":"4644.87","higromet":"428","luz":"0","maqhum":"0","maqdesh":"0","maqcale":"1","modman":"0","periodo":"0","horasluz":null,"fechaini":null},{"id":"1707","fecha":"2017-03-07","hora":"19:40:28","temp":"18.4","hum":"49.4","co2ppm":"4740.41","higromet":"428","luz":"0","maqhum":"0","maqdesh":"0","maqcale":"1","modman":"0","periodo":"0","horasluz":null,"fechaini":null},{"id":"1706","fecha":"2017-03-07","hora":"19:40:23","temp":"18.4","hum":"49.4","co2ppm":"4740.41","higromet":"428","luz":"0","maqhum":"0","maqdesh":"0","maqcale":"1","modman":"0","periodo":"0","horasluz":null,"fechaini":null},{"id":"1705","fecha":"2017-03-07","hora":"19:40:18","temp":"18.4","hum":"49.4","co2ppm":"4740.41","higromet":"428","luz":"0","maqhum":"0","maqdesh":"0","maqcale":"1","modman":"0","periodo":"0","horasluz":null,"fechaini":null},{"id":"1704","fecha":"2017-03-07","hora":"19:40:14","temp":"18.4","hum":"49.4","co2ppm":"4740.41","higromet":"429","luz":"0","maqhum":"0","maqdesh":"0","maqcale":"1","modman":"0","periodo":"0","horasluz":null,"fechaini":null},{"id":"1703","fecha":"2017-03-07","hora":"19:40:09","temp":"18.4","hum":"49.5","co2ppm":"4837.42","higromet":"429","luz":"0","maqhum":"0","maqdesh":"0","maqcale":"1","modman":"0","periodo":"0","horasluz":null,"fechaini":null},{"id":"1702","fecha":"2017-03-07","hora":"19:40:04","temp":"18.4","hum":"49.5","co2ppm":"4740.41","higromet":"429","luz":"0","maqhum":"0","maqdesh":"0","maqcale":"1","modman":"0","periodo":"0","horasluz":null,"fechaini":null},{"id":"1701","fecha":"2017-03-07","hora":"19:39:59","temp":"18.4","hum":"49.5","co2ppm":"4740.41","higromet":"428","luz":"0","maqhum":"0","maqdesh":"0","maqcale":"1","modman":"0","periodo":"0","horasluz":null,"fechaini":null}]